0218W Zachary Rutherford - zsruther@mtu.edu
0218W Matthew Anderson - mrander2@mtu.edu
0218W Bronson Wood - bwood@mtu.edu
0219W Stephen Miller - stjmille@mtu.edu
0219W Matthew DeMario - mjdemari@mtu.edu
0219W Hunter Osgood - haosgood@mtu.edu
0220W Riley Roquet - rwroquet@mtu.edu
0220W Phillip Bourgeois - pbourgeo@mtu.edu
0220W Wiley Thomas - wgthomas@mtu.edu
0221W Charles Hill - cdhill@mtu.edu
0221W Lucas Page - lepage@mtu.edu
0221W Andrew Luchenbach - asluchen@mtu.edu
0222W Eric Bergum - eabergum@mtu.edu
0222W Matthew Sprader - mssprade@mtu.edu
0222W Justin Skinner - jaskinne@mtu.edu
0223W Jacob Kurtz - jmkurtz@mtu.edu
0223W Dirk Kluesing - drkluesi@mtu.edu
0223W Anthony Jaksa - aajaksa@mtu.edu
0223W Clayton Kowalewski - cdkowale@mtu.edu
0224W Mackenzie Pletcher - mhpletch@mtu.edu
0225W Connor Green - connorg@mtu.edu
0225W Daniel Harden - daharden@mtu.edu
0225W Ezekiel Marchel - esmarche@mtu.edu
0226W Jacob Soter - jasoter@mtu.edu
0226W Julian Gabriel - jjgabrie@mtu.edu
0227W Koehler Schilling - kwschill@mtu.edu
0227W Jeffrey Richards - jerichar@mtu.edu
0227W Jacob Loss - jmloss@mtu.edu
0228W David Neph - dmneph@mtu.edu
0228W Matthew Link - mblink@mtu.edu
0228W Landon Davenport - ledavenp@mtu.edu
0229W Sam Celani - sacelani@mtu.edu
0229W Bryan Rohloff - bmrohlof@mtu.edu
0230W Christopher Hiscock - cahiscoc@mtu.edu
0230W Patrick Sage - psage@mtu.edu
0230W Matthew Walton - mpwalton@mtu.edu
0231W Benjamin Stinchcomb - bcstinch@mtu.edu
0231W Devin Gordon - dmgordon@mtu.edu
0231W Grant Wisner - gbwisner@mtu.edu
0232W Alexander Kuhn - atkuhn@mtu.edu
0232W Joseph Mayrose - jwmayros@mtu.edu
0233W Tristan Gault - ttgault@mtu.edu
0233W Steven Marcyan - semarcya@mtu.edu
0234W Johnathan Willey - jcwilley@mtu.edu
0234W Matthew Radloff - mjradlof@mtu.edu
0234W Brandon Radloff - blradlof@mtu.edu
0250W Jacob Luikart - jcluikar@mtu.edu
0250W Richard Yang - richardy@mtu.edu
0250W Derek Verbrigghe - drverbri@mtu.edu
0251W Samuel Schmitt - stschmit@mtu.edu
0251W Matthew Borowiak - mtborowi@mtu.edu
0252W Jacob Flemming - jdflemmi@mtu.edu
0252W Cameron Michals - cjmichal@mtu.edu
0252W Quinn Kaspriak - qikaspri@mtu.edu
0253W Trevor Cook - tncook@mtu.edu
0253W Nathan Priest - nmpriest@mtu.edu
0253W Thomas Richards - tnrichar@mtu.edu
0254W Eric Jakalski - edjakals@mtu.edu
0254W Eric Lipscomb - ealipsco@mtu.edu
0254W Collin Overlock - coverloc@mtu.edu
0255W Cole VanCamp - cmvancam@mtu.edu
0255W Peter Lund - pelund@mtu.edu
0255W Cole Loffer - cmloffer@mtu.edu
0256W Caleb Joyal - ctjoyal@mtu.edu
0256W Sterling Korstad - sgkorsta@mtu.edu
0257W Dylan Kelley - dlkelley@mtu.edu
0257W Michael Lay - mslay@mtu.edu
0257W Justin Campbell - jmcampbe@mtu.edu
0258W Alexander Gall - argall@mtu.edu
0258W Adam Scholl - acscholl@mtu.edu
0258W Kyle Robertson - kprobert@mtu.edu
0258W James Lutey - jclutey@mtu.edu
0259W Andrew Hartz - ajhartz@mtu.edu
0260W Spencer Ketola - smketola@mtu.edu
0260W Evan Monko - eamonko@mtu.edu
0260W Lucas Itchue - lbitchue@mtu.edu
0261W Robert Rollins - rvrollin@mtu.edu
0261W Joshua Loiselle - jtloisel@mtu.edu
0261W Samuel Wynsma - stwynsma@mtu.edu
0262W Connor Hensley - cjhensle@mtu.edu
0262W Samuel Byrne - sjbyrne@mtu.edu
0262W Nicholas Labelle - njlabell@mtu.edu
0263W Dakota Holman - djholman@mtu.edu
0263W Hal Hattis - hmhattis@mtu.edu
0263W Derrick Smith - derricks@mtu.edu
0264W Atticus Loridas - ajlorida@mtu.edu
0264W Vincent Day - veday@mtu.edu
0264W Patrick Westerberg - pjwester@mtu.edu
0265W Luke Salmi - lasalmi@mtu.edu
0265W Joshua Stauffer - jdstauff@mtu.edu
0265W Cem Cedetas - cbcedeta@mtu.edu
0266W Todd Thibodeau - trthibod@mtu.edu
0266W Steven Ramfjord - sdramfjo@mtu.edu
0266W George Wesley - gcwesley@mtu.edu
0267W James Langsford - jglangsf@mtu.edu
0267W Christopher Avery - caavery@mtu.edu
0267W Aiden Beasley - albeasle@mtu.edu
0268W Jason Dvorscak - jcdvorsc@mtu.edu
0268W Nicholas Olinger - nolinger@mtu.edu
0268W Samuel Groetsch - sjgroets@mtu.edu
0269W Kenneth Messina - kmmessin@mtu.edu
0269W Marcus Stojcevich - mastojce@mtu.edu
0269W Mitchell Sanford - mcsanfor@mtu.edu
0200W Otto Andersson - oanderss@mtu.edu
0200W Daniel Stayt - dhstayt@mtu.edu
0201W Rylee Price - rkprice@mtu.edu
0201W Rebecca Revett - rlrevett@mtu.edu
0202W Chelsea Wilson - chelseaw@mtu.edu
0202W Haylie Helbig - hrhelbig@mtu.edu
0202W Tatiana Koski - tkoski@mtu.edu
0203W Katelyn Rhue - kerhue@mtu.edu
0203W Samantha Kiluk - srkiluk@mtu.edu
0203W Sidney Schroeder - saschroe@mtu.edu
0204W Marcella VasconcelosQuintellaJuca - mvasconc@mtu.edu
0204W Rachel Schwerin - rlschwer@mtu.edu
0204W Alexandria Ray - amray@mtu.edu
0205W Tia Fedor - tlfedor@mtu.edu
0205W Leigh Schindler - ltschind@mtu.edu
0205W Linda Miodonski - lmiodons@mtu.edu
0206W Megan Larson - meganlar@mtu.edu
0206W Sara Lawson - sklawson@mtu.edu
0206W Bailey Mohrenweiser - brmohren@mtu.edu
0207W Robyn Holmes - rnholmes@mtu.edu
0207W Riley Lamers - relamers@mtu.edu
0207W Rylie Store - ristore@mtu.edu
0208W Aidan Rhyndress - aerhyndr@mtu.edu
0210W Monica Brechting - mrbrecht@mtu.edu
0210W Emma Rife - eyrife@mtu.edu
0210W Laura Khoury - llkhoury@mtu.edu
0211W Joseph Szczap - jaszczap@mtu.edu
0211W Thomas Black - twblack@mtu.edu
0212W Juliana GrolliLucca - jgrollil@mtu.edu
0212W Sue Kim - sueyonk@mtu.edu
0212W Lauren Cohen - lmcohen@mtu.edu
0213W William Berner - wkberner@mtu.edu
0213W Bruce BrunsonJr. - bbrunson@mtu.edu
0214W Matthew Thomas - matthoma@mtu.edu
0214W William Kosloski - wvkoslos@mtu.edu
0214W Ethan Shandonay - ejshando@mtu.edu
0215W Ryan Lester - rtlester@mtu.edu
0215W Benjamin Metzger - bpmetzge@mtu.edu
0215W Ryan Koerner - rhkoerne@mtu.edu
0216W Connor Mcintyre - ctmcinty@mtu.edu
0216W Brendan Gardner - bdgardne@mtu.edu
0216W Alexander Hallett - arhallet@mtu.edu
0217W Cameron Smith - cpsmith@mtu.edu
0235W Samuel Brayman - slbrayma@mtu.edu
0235W Alexander Brill - abrill@mtu.edu
0236W Jacob Burch - jvburch@mtu.edu
0236W Steven Uhlbeck - sjuhlbec@mtu.edu
0237W John Parker - johnp@mtu.edu
0237W Derek Wing - dnwing@mtu.edu
0238W Collin Haight - cjhaight@mtu.edu
0238W Chase Borgeson - cwborges@mtu.edu
0238W Jason Bell - jbell@mtu.edu
0239W Ryan Keena - rkeena@mtu.edu
0239W Emerson Desai - erdesai@mtu.edu
0240W Andrew Lathrop - aplathro@mtu.edu
0240W Zachary Dekraker - zbdekrak@mtu.edu
0241W Andrew Marogi - afmarogi@mtu.edu
0241W Jacob Richards - jjrichar@mtu.edu
0241W Juergen Steupert - jcsteupe@mtu.edu
0242W Ronald Kyllonen - rakyllon@mtu.edu
0242W Justin Lerma - jjlerma@mtu.edu
0243W Joshua Johnson - jocjohns@mtu.edu
0244W Derek Severson - dlsevers@mtu.edu
0244W Jonathan Early - jrearly@mtu.edu
0244W Joshua Gerez - jmgerez@mtu.edu
0244W Alexander Prucha - ajprucha@mtu.edu
0245W Gavin Shaw - geshaw@mtu.edu
0245W Alexander Oswald - anoswald@mtu.edu
0246W Matthew Mcinerney - mamciner@mtu.edu
0246W Seth Jones - scjones@mtu.edu
0247W Gregory Miodonski - gjmiodon@mtu.edu
0247W Hunter Hoerter - hahoerte@mtu.edu
0247W Ryan Ader - rjader@mtu.edu
0248W Andrew Horvath - ajhorvat@mtu.edu
0248W Daniel Jones - dasjones@mtu.edu
0248W Nathan Flancher - njflanch@mtu.edu
0249W Jonathan Drake - jddrake@mtu.edu
0249W Zachary Smale - zmsmale@mtu.edu
