zsruther Zach Rutherford M FR WM 0218W
bwood Bronson Wood M FR WM 0218W
haosgood Hunter Osgood M SO WM 0219W
mjdemari Matt DeMario M SO WM 0219W
wgthomas Wiley Thomas M FR WM 0220W
pbourgeo Phillip Bourgeois M FR WM 0220W
lepage Lucas Page M SO WM 0221W
asluchen Andrew Luchenbach M SO WM 0221W
cdhill Charlie Hill M FR WM 0221W
eabergum Eric Bergum M FR WM 0222W
mssprade Matt Sprader M FR WM 0222W
jaskinne Justin Skinner M FR WM 0222W
aajaksa Tj Jaksa M SO WM 0223W
drkluesi Dirk Kluesing M SO WM 0223W
rmspangl Ryley Spangler M FR WM 0223W
jmkurtz Jacob Kurtz M FR WM 0223W
mhpletch Mackenzie Pletcher M SO WM 0224W
connorg Connor Green M FR WM 0225W
esmarche Zeke Marchel M SO WM 0225W
jasoter Jake Soter M SO WM 0226W
jjgabrie Julian Gabriel M SO WM 0226W
jerichar Jeff Richards M FR WM 0227W
kwschill Cole Schilling M FR WM 0227W
ledavenp Landon Davenport M FR WM 0228W
dmneph David Neph M FR WM 0228W
bmrohlof Bryan Rohloff M FR WM 0229W
sacelani Sam Celani M SO WM 0229W
psage Patrick Sage M FR WM 0230W
mpwalton Matthew Walton M FR WM 0230W
dmgordon Devin Gordon M FR WM 0231W
gbwisner Grant Wisner M SO WM 0231W
bcstinch Ben Stinchcomb M SO WM 0231W
jwmayros Joe Mayrose M SO WM 0232W
atkuhn Alex Kuhn M FR WM 0232W
ttgault Tristan Gault M JR WM 0233W
semarcya Steven Marcyan M JR WM 0233W
blradlof Brandon Radloff M SR WM 0234W
mjradlof Matthew Radloff M FR WM 0234W
drverbri Derek Verbrigghe M SO WM 0250W
jrgillet John Gillett M SO WM 0250W
richardy Richard Yang M FR WM 0250W
mtborowi Matthew Borowiak M SO WM 0251W
stschmit Sam Schmitt M SO WM 0251W
qikaspri Quinn Kaspriak M SO WM 0252W
jdflemmi Jacob Flemming M FR WM 0252W
nmpriest Nathan Priest M SO WM 0253W
tncook Trevor Cook M FR WM 0253W
tnrichar Thomas Richards M FR WM 0253W
edjakals Eric Jakalski M FR WM 0254W
ealipsco Eric Lipscomb M FR WM 0254W
coverloc Collin Overlock M FR WM 0254W
cmvancam Cole VanCamp M SO WM 0255W
pelund Peter Lund M FR WM 0255W
sgkorsta Sterling Korstad M SO WM 0256W
ctjoyal Caleb Joyal M SO WM 0256W
mslay Michael Lay M FR WM 0257W
dlkelley Dylan Kelley M FR WM 0257W
jmcampbe Justin Campbell M FR WM 0257W
argall Alex Gall M SO WM 0258W
jclutey Jace Lutey M SO WM 0258W
kprobert Kyle Robertson M JR WM 0258W
acscholl Adam Scholl M JR WM 0258W
ajhartz Andrew Hartz M JR WM 0259W
lbitchue Lucas Itchue M SO WM 0260W
smketola Spencer Ketola M FR WM 0260W
eamonko Evan Monko M FR WM 0260W
jtloisel Josh Loiselle M FR WM 0261W
stwynsma Sam Wynsma M FR WM 0261W
drshirke Daniel Shirkey M SO WM 0261W
cjhensle Connor Hensley M SO WM 0262W
njlabell Nick Labelle M FR WM 0262W
sjbyrne Sam Byrne M FR WM 0262W
hmhattis Hal Hattis M SO WM 0263W
derricks Derrick Smith M SO WM 0263W
pjwester Patrick Westerberg M FR WM 0264W
ajlorida Atticus Loridas M FR WM 0264W
cbcedeta Cem Cedetas M FR WM 0265W
lasalmi Luke Salmi M SO WM 0265W
jdstauff Josh Stauffer M FR WM 0265W
trthibod Todd Thibodeau M FR WM 0266W
sdramfjo Steve Ramfjord M SO WM 0266W
gcwesley George Wesley M FR WM 0266W
bahartma Bohdan Hartman M FR WM 0267W
caavery Chris Avery M FR WM 0267W
jglangsf James Langsford M FR WM 0267W
jcdvorsc Jason Dvorscak M FR WM 0268W
nolinger Nick Olinger M JR WM 0268W
sjgroets Sam Groetsch M JR WM 0268W
kmmessin Kenneth Messina M FR WM 0269W
mcsanfor Mitchell Sanford M FR WM 0269W
haleathe Hallie Leatherman F SO WM 0100W
erinns Erinn Smith F JR WM 0100W
kiraf Kira Ferguson F JR WM 0101W
jrmcdona Jennifer Mcdonald F SO WM 0101W
jcsaugri Joellen Saugrich F FR WM 0102W
makozmor Mary Kozmor F FR WM 0102W
gaudige Gloria Audige F FR WM 0103W
smicklas Sydney Micklas F FR WM 0104W
gnkenyon Gilliane Kenyon F SO WM 0104W
jkbouwen Julie Bouwens F FR WM 0104W
secuda Sarah Cuda F JR WM 0105W
mcsulliv Claire Sullivan F SO WM 0105W
rlbostwi Rebecca Bostwick F JR WM 0106W
vhnorbot Veronica Norbotten F SO WM 0106W
darcyp Darcy Perry F SO WM 0107W
leclark Lauren Clark F SO WM 0107W
eacoscar Erica Coscarelli F SR WM 0108W
mnkain Marisa Kain F SO WM 0110W
mjberggr Monica Berggren F FR WM 0110W
roset Rose Turner F SO WM 0111W
amknoest Alyssa Knoester F JR WM 0111W
ilwentwo Isobel Wentworth F FR WM 0112W
kllarue Kyra Larue F FR WM 0112W
mbmorton Mikaela Morton F FR WM 0112W
njsluite Naomi Sluiter F FR WM 0113W
elgarner Emily Garner F FR WM 0169W
sevans Samantha Evans F FR WM 0169W
srdebrul Sidona Debrule F FR WM 0169W
pdjacks Paul Jacks M SO WM 0114W
wsgratz Wesley Gratz M SO WM 0114W
tsboal Trevor Boal M SO WM 0115W
asakerma Alex Akermann M FR WM 0115W
ajbittne Austin Bittner M SO WM 0115W
smjames Sean James M SO WM 0116W
cashear Caleb Shear M FR WM 0116W
bgjudd Ben Judd M SO WM 0116W
mbcolaia Matthew Colaianne M FR WM 0117W
sdcole Shea Cole M FR WM 0117W
smgrobbe Stephen Grobbel M FR WM 0117W
mehepbur Matthew Hepburn M SO WM 0118W
jejepsen Joel Jepsen M JR WM 0118W
kdhillst Kyle Hillstead M SO WM 0119W
btheath Brendan Heath M SO WM 0119W
aaoliver Alex Oliver M SO WM 0120W
jrlillie Jacob Lillie M FR WM 0120W
pgszpaic Pete Szpaichler M FR WM 0121W
isbench Isac Bench M FR WM 0121W
sameluch Sam Meluch M FR WM 0121W
jadimanc James Dimancea M FR WM 0122W
afortiz Aaron Ortiz M FR WM 0122W
mwwenzel Mark Wenzel M FR WM 0122W
ejneuber Ej Neubert M SR WM 0123W
naauch Nathan Auch M SR WM 0123W
bjupdike Ben Updike M JR WM 0123W
mjander1 Mitchell Anderson M SR WM 0123W
bcsevert Brady Severt M JR WM 0124W
zmmills Zach Mills M JR WM 0125W
ryansull Ryan Sullivan M FR WM 0125W
zpnedzle Zach Nedzlek M FR WM 0125W
apthayer Alyx Thayer M FR WM 0126W
jcrabaut Joe Rabaut M FR WM 0126W
jdjones Jordan Jones M SO WM 0126W
djhaxton Dusty Haxton M SO WM 0127W
alpetter Andrew Petter M FR WM 0127W
mmciolin Michael Ciolino M FR WM 0127W
jdbennet Jacob Bennett M FR WM 0128W
mtsubda Michael Subda M FR WM 0128W
fsibounh Finnly Sibounheuang M SR WM 0129W
ardeming Alvin Deming M SR WM 0129W
atloman Adam Loman M FR WM 0130W
tevirta Trevor Virta M FR WM 0130W
bmwittko Blake Wittkopp M FR WM 0130W
fdara Frank Dara M SR WM 0131W
kwlentz Kalvin Lentz M SO WM 0131W
cwneaton Connor Neaton M FR WM 0132W
wlcrumb Will Crumb M SO WM 0132W
mahoying Matthew Hoying M FR WM 0132W
bfbliss Brandon Bliss M SO WM 0133W
dmsciclu Dominic Scicluna M FR WM 0133W
ngjozefc Nicholas Jozefczyk M FR WM 0133W
qdngo Quan Ngo M SO WM 0134W
mjwellac Matt Wellach M SO WM 0134W
dlbailey Devon Bailey M FR WM 0135W
adposa Andy Posa M FR WM 0135W
tvliek Tj Vliek M SO WM 0135W
cejensen Cj Jensen M FR WM 0136W
rjdeans Jackson Deans M FR WM 0136W
mwheidac Max Heidacker M FR WM 0136W
amhubert Aaron Hubert M SO WM 0137W
jlhover Jackson Hover M FR WM 0137W
zaprell Zach Prell M FR WM 0137W
alanwils Alan Wilson M SO WM 0138W
epsaxton Eric Saxton M SO WM 0138W
bawright Ben Wright M SO WM 0138W
otdeming Owen Deming M FR WM 0139W
smoconno Sean O'connor M FR WM 0139W
njkarine Noah Karinen M FR WM 0140W
cdmccue Chris Mccue M JR WM 0140W
jbevans Jimmy Evans M FR WM 0140W
wafalick Warren Falicki M FR WM 0141W
jjformol Jacob Formolo M FR WM 0141W
mjstietz Matt Stietz M FR WM 0141W
bpjohns Ben Johns M FR WM 0142W
ggouveia Giovane GouveiaLopesDaSilva M SU WM 0142W
wwei9 Wenzheng Wei M FR WM 0142W
jjrutkow Jason Rutkowski M SR WM 0143W
mmsalyer Malachi Salyers M FR WM 0144W
srreinha Skyler Reinhardt M FR WM 0144W
koltenp Kolten Phillips M SO WM 0144W
jianzhen Jian Zheng M FR WM 0144W
brrschul Brandon Schultz M FR WM 0145W
ajkirchn Alex Kirchner M FR WM 0145W
nrniemi Niklas Niemi M FR WM 0145W
jdwoitas James Woitas M FR WM 0146W
sttalbot Shane Talbot M FR WM 0146W
jpbehe James Behe M FR WM 0146W
pewagone Pat Wagoner M FR WM 0147W
ndisley Nathan Isley M SO WM 0147W
hrreisch Hunter Reisch M FR WM 0147W
jabenjam Joseph Benjamin M FR WM 0148W
oamoelle Orion Moeller M FR WM 0148W
wcchrist Will Christian M SO WM 0148W
ewwallis Ethan Wallis M FR WM 0149W
vpmcclin Vincent Mcclintock M FR WM 0149W
jtseilso Jack Seilsopour M FR WM 0149W
nwchrist Nick Christensen M FR WM 0150W
cagessne Connor Gessner M FR WM 0150W
suyangg Ben Guo M FR WM 0150W
ahmcderm Alex Mcdermott M FR WM 0151W
xinp Jerry Peng M FR WM 0151W
mdossant Mario DosSantosNeto M FR WM 0152W
roliveir Ricardo OliveiraPaes M FR WM 0152W
jfchicat Juan ChicaToro M FR WM 0152W
ltstambe Larry Stambeck M SO WM 0153W
spswierc Sequoyah Swiercz M FR WM 0153W
mccampbe Max Campbell M SO WM 0153W
jmlumsde Jim Lumsden M FR WM 0154W
nwregan Nathaniel Regan M SO WM 0155W
cjthormo Christopher Thormodson M SO WM 0155W
eamanari Ethan Manarin M FR WM 0156W
jagiannu James Giannunzio M FR WM 0156W
ldjohnso Luke Johnson M FR WM 0157W
zprollin Zachary Rollins M SO WM 0157W
mtfrye Mitch Frye M FR WM 0158W
nkdelong Noah DeLongpre' M FR WM 0158W
cmmonson Connor Monson M FR WM 0158W
dgwarner Doogie Warner M FR WM 0158W
nakolean Nick Kolean M SR WM 0159W
dnmukkal Daniel Mukkala M FR WM 0160W
swkunstm Sean Kunstman M FR WM 0160W
njevink Nate Evink M FR WM 0161W
bjhigbie Brendan Higbie M SO WM 0161W
wjstockr Will Stockreef M FR WM 0162W
trfranck Tristin Franckowiak M FR WM 0162W
macampbe Meghan Campbell F SO WM 0163W
kmcasper Kiaya Caspers F FR WM 0163W
teshawar Tim Shawaryn M FR WM 0164W
rlmcmich Riley Mcmichael M FR WM 0164W
clarap Clara Peterson F SO WM 0165W
gxlohren Gabrielle Lohrenz F SO WM 0165W
cgbeekma Chris Beekman M FR WM 0166W
dstrine David Trine M SO WM 0166W
rrskuse Rhiannon Skuse F FR WM 0167W
mjackels Mariah Jackels F SO WM 0167W
mplecapt Michael Lecaptain M FR WM 0168W
dthardem Dez Hardeman M FR WM 0168W
afmarogi Andrew Marogi M SO WM 0200W
dhstayt Daniel Stayt M JR WM 0200W
rkprice Rylee Price F FR WM 0201W
rlrevett Becca Revett F SO WM 0201W
hrhelbig Haylie Helbig F FR WM 0202W
chelseaw Chelsea Wilson F FR WM 0202W
kerhue Katelyn Rhue F FR WM 0203W
saschroe Sidney Schroeder F FR WM 0203W
rlschwer Frank Schwerin F FR WM 0204W
amray Al Ray F FR WM 0204W
tlfedor Tia Fedor F FR WM 0205W
lmiodons Linda Miodonski F FR WM 0205W
sklawson Kate Lawson F FR WM 0206W
meganlar Megan Larson F SO WM 0206W
brmohren Bailey Mohrenweiser F FR WM 0206W
rnholmes Robyn Holmes F SO WM 0207W
ristore Rylie Store F FR WM 0207W
relamers Riley Lamers F FR WM 0207W
aerhyndr Aidan Rhyndress M JR WM 0208W
llkhoury Laura Khoury F FR WM 0210W
eyrife Emma Rife F FR WM 0210W
jcwilley Johnathan Willey M FR WM 0211W
jaszczap Joe Szczap M SR WM 0211W
sueyonk Sue Kim F SO WM 0212W
lmcohen Lauren Cohen F SO WM 0212W
wkberner William Berner M SO WM 0213W
bbrunson Bruce BrunsonJr. M SR WM 0213W
matthoma Matt Thomas M FR WM 0214W
ajstanle Andrew Stanley M FR WM 0214W
wvkoslos Liam Kosloski M FR WM 0214W
rtlester Ryan Lester M SO WM 0215W
rhkoerne Ryan Koerner M FR WM 0215W
arhallet Alex Hallett M FR WM 0216W
ctmcinty Connor Mcintyre M FR WM 0216W
bdgardne Brendan Gardner M FR WM 0216W
cpsmith Cameron Smith M SR WM 0217W
slbrayma Sam Brayman M JR WM 0235W
abrill Alex Brill M SR WM 0235W
jvburch Jacob Burch M SO WM 0236W
sjuhlbec Steven Uhlbeck M SO WM 0236W
johnp John Parker M SR WM 0237W
dnwing Derek Wing M SO WM 0237W
cjhaight Collin Haight M SO WM 0238W
cwborges Chase Borgeson M FR WM 0238W
jbell Jason Bell M FR WM 0238W
erdesai Emerson Desai M FR WM 0239W
zbdekrak Zach Dekraker M SO WM 0240W
aplathro Andrew Lathrop M SR WM 0240W
jcsteupe Juergen Steupert M FR WM 0241W
jjrichar Josiah Richards M FR WM 0241W
rakyllon Ron Kyllonen M SO WM 0242W
jjlerma Justin Lerma M JR WM 0242W
jocjohns Joshua Johnson M SR WM 0243W
ajprucha Alex Prucha M SO WM 0244W
jmgerez Josh Gerez M SO WM 0244W
jrearly John Early M SO WM 0244W
dlsevers Derek Severson M SO WM 0244W
geshaw Gavin Shaw M FR WM 0245W
anoswald Alex Oswald M FR WM 0245W
scjones Seth Jones M JR WM 0246W
mamciner Matt Mcinerney M SO WM 0246W
rjader Ryan Ader M FR WM 0247W
hahoerte Hunter Hoerter M FR WM 0247W
gjmiodon Greg Miodonski M FR WM 0247W
dasjones Danny Jones M FR WM 0248W
ajhorvat Andrew Horvath M SO WM 0248W
njflanch Nathan Flancher M FR WM 0248W
zmsmale Zach Smale M JR WM 0249W
jddrake Jon Drake M SR WM 0249W
djstowe Devin Stowe M FR EM 0201E
tnfourni Tristan Fournier M FR EM 0201E
cpstella Chris Stellas M SO EM 0202E
mblink Matt Link M FR EM 0202E
ajdavid Alex David M JR EM 0203E
lgoncalv Luidson GoncalvesJuliao M FR EM 0203E
masantor Michael Santoro M FR EM 0203E
jajablon Jacob Jablonsky M FR EM 0204E
dgabbott Doug Abbott M FR EM 0204E
gjstukey Geordan Stukey M FR EM 0204E
wjmcpher Liam Mcpherson M FR EM 0205E
jrmcclan Jarett Mcclanahan M FR EM 0205E
lcbrecht Luke Brechting M JR EM 0206E
dgbruck Devon Bruck M FR EM 0207E
jechopso John Chopson M FR EM 0207E
pjricchi Patrick Ricchi M SO EM 0208E
alexh Alex Hanson M SO EM 0208E
sakokosk Steve Kokoski M FR EM 0209E
mjjablon Mark Jablonsky M FR EM 0209E
cjblough Chris Blough M FR EM 0209E
trprica Thomas Prica M FR EM 0210E
bnschuen Brendon Schuenke M FR EM 0210E
gaostren Gabe Ostrenga M FR EM 0210E
vtpadget Vincent Padget M SO EM 0211E
nsminari Nick Minarich M SO EM 0211E
rmhulber Ryan Hulbert M SO EM 0211E
bmsundqu Brody Sundquist M FR EM 0212E
allorenz Alex Lorenzoni M FR EM 0212E
djmccole David Mccole M FR EM 0212E
rrcoyle Ray Coyle M SO EM 0213E
cefrunce Carl Fruncek M SO EM 0213E
jespence Jimmy Spencer M SO EM 0214E
cjwoodbu Cody Woodbury M SO EM 0214E
rmbeerin Ryan Beering M JR EM 0215E
cfwillia Carson Williams M JR EM 0215E
wjthorin Wyatt Thorington M FR EM 0216E
jwjakupc John Jakupco M FR EM 0216E
sddlugos Sam Dlugoss M JR EM 0217E
njmuggio Nicholas Muggio M JR EM 0217E
jaevanko Justin Evankovich M JR EM 0217E
mcwurste Mark Wurster M FR EM 0218E
jhworful Jason Worful M JR EM 0218E
stmajesk Seth Majeski M JR EM 0218E
cablatt Chris Blatt M FR EM 0219E
milmille Michael Miller M FR EM 0219E
mlhusman Morgan Husmann M SO EM 0219E
sjpoel Sawyer Poel M FR EM 0220E
jkessler Jake Kessler M FR EM 0220E
lbprehod Lucas Prehoda M FR EM 0220E
flkolack Fred Kolacki M FR EM 0221E
emkosten Evan Kostenko M FR EM 0221E
cdkowale Clayton Kowalewski M FR EM 0222E
mrweaver Martti Weaver M SO EM 0222E
jdschleb Jake Schleben M FR EM 0223E
jchamilt John Hamilton M FR EM 0223E
tawittma Tyler Wittmann M FR EM 0224E
ldpelegr Luke Pelegrin M SO EM 0224E
mquevene Marcio QueveneLopesCabral M SU EM 0225E
ttristao Thiago TristaoMarqueze M SU EM 0225E
njharmse Nick Harmsen M SO EM 0226E
cdlechen Camden Lechenet M FR EM 0226E
tcwarren Taylor Warren M FR EM 0226E
asjorgen Andrew Jorgenson M JR EM 0227E
rsmassar Robert Massar M SO EM 0227E
bdopel Brett Opel M JR EM 0227E
trflanin Tyler Flaningam M FR EM 0228E
wjkrette Warren Krettek M SO EM 0228E
kwzielke Kyle Zielke M FR EM 0228E
sjwhitak Steven Whitaker M SO EM 0229E
srwilde Sean Wilde M FR EM 0229E
dbdaniel Derek Daniels M SO EM 0230E
ljmaurer Logan Maurer M SO EM 0231E
njcufar Nick Cufar M FR EM 0231E
jskhan Justin Khan M SO EM 0232E
mssabati Matthew Sabatini M SO EM 0232E
rdhopper Ryan Hopper M SO EM 0233E
macukier Matt Cukier M SO EM 0233E
mcwenzel Matt Wenzel M SO EM 0234E
djlacroi Daniel Lacroix M JR EM 0234E
jkrudlaf James Rudlaff M SO EM 0234E
mastark Mitch Stark M SR EM 0235E
mrdrogow Mike Drogowski M SO EM 0235E
cdalbers Christian Albers M FR EM 0236E
jmtrensh Joe Trenshaw M FR EM 0236E
ssgarnic Sarah Garnica F FR EM 0321E
srsauls Sierra Sauls F SR EM 0321E
almsmith Alyssa Smith F FR EM 0322E
eabergh Liz Bergh F SO EM 0322E
cekissam Corrina Kissam F SO EM 0323E
avidetic Ashley Videtich F SO EM 0324E
horiggs Hannah Riggs F FR EM 0324E
mrsherma Mariah Sherman F FR EM 0325E
chkurkie Courtney Kurkie F FR EM 0325E
meleibov Mariel Leibovitz F FR EM 0325E
igobrien Isabella O'brien F FR EM 0326E
mllafave Michelle Lafave F FR EM 0326E
albotz Abbie Botz F FR EM 0326E
rhicks Rachel Hicks F SO EM 0327E
ammccuis Amanda Mccuistion F SO EM 0327E
mgfisher Greta Fisher F SO EM 0327E
christat Christa Thomas F FR EM 0328E
scmachid Sabrina Machida F FR EM 0328E
ejscheet Emily Scheetz F FR EM 0328E
slfinkbe Sylvana Finkbeiner F SO EM 0329E
ckcecche Cassie Cecchettini F SO EM 0329E
cleische Claire Eischer F SR EM 0330E
basnow Brooke Snow F SR EM 0331E
kmdekuto Kelli Dekutoski F JR EM 0331E
rlbrill Rayni Brill F SO EM 0332E
smblum Sarah Blum F JR EM 0332E
srjewell Steph Jewell F JR EM 0333E
habondy Hailey Bondy F FR EM 0333E
mphill Mckenzie Hill F SO EM 0333E
alchapa Ashley Chapa F SO EM 0334E
jmwirthl Jessy Wirthlin F FR EM 0334E
afthelen Annie Thelen F FR EM 0334E
sagurtle Shallen Gurtler F SR EM 0335E
kjmauck Kathryn Mauck F SO EM 0335E
addisonb Addison Bailey F SO EM 0336E
kblowery Kristin Lowery F JR EM 0336E
cbriar Christopher Briar M FR EM 0401E
jlsaumie Joe Saumier M SR EM 0401E
vmmclain Vincent Mclain M SR EM 0402E
rlmullen Reggie Mullen M JR EM 0402E
mepahl Matt Pahl M SO EM 0403E
rrmccoy Ryan Mccoy M FR EM 0403E
rpmelich Reed Melicher M SO EM 0403E
tdevoe Thomas Devoe M FR EM 0404E
bsgerrit Beck Gerritsen M SO EM 0404E
cmkniat Christian Kniat M FR EM 0405E
kjbellan Kelly Bellant M FR EM 0405E
emklein Ethan Klein M JR EM 0406E
ramattso Ryan Mattson M JR EM 0407E
ccburkwa Cory Burkwald M SO EM 0407E
tjslabau Tj Slabaugh M SR EM 0408E
cwkroes Cory Kroes M JR EM 0408E
csandrew Clinton Andrews M FR EM 0409E
cedhaese Cole D'haese M FR EM 0409E
jaespino Juan Espinoza-birruete M FR EM 0409E
gabogart Garth Bogart M SO EM 0410E
devons Devon Smith M SO EM 0410E
bnseitz Brandon Seitz M SO EM 0410E
jmbesson Josh Besson M SO EM 0411E
dsholman Duncan Holman M FR EM 0411E
wjmistak Walter Mistak M FR EM 0412E
ndpolito Nathan Politowicz M FR EM 0412E
pchuber Peter Huber M SO EM 0412E
baberry Brody Berry M SO EM 0413E
ldstetsk Logan Stetsko M JR EM 0413E
debrosse Dylan Brosseau M JR EM 0414E
kkchilde Kris Childers M SO EM 0414E
jabrouwe Joe Brouwer M SO EM 0415E
mebrouwe Mark Brouwer M SR EM 0415E
lamattso Luke Mattson M FR EM 0416E
drcarpen Dakota Carpenter M FR EM 0416E
vcmills Vince Mills M FR EM 0417E
awjarrel Tony Jarrell M FR EM 0417E
mhvester Melchior Vester M FR EM 0417E
nncortes Nick Cortes M FR EM 0418E
lange Jacob Lange M FR EM 0418E
seschill Steven Schilling M FR EM 0418E
ejmoore Eric Moore M SO EM 0419E
bjriglin Ben Rigling M SO EM 0419E
samj Sam Johnson M FR EM 0419E
mmspecht Matt Specht M FR EM 0420E
tholdani Tommy Oldani M FR EM 0420E
sjroot Sam Root M SO EM 0420E
kwanthon Kevin Anthony M FR EM 0421E
tbharnos Tyler Harnos M FR EM 0421E
jjblack Jake Black M FR EM 0422E
apboerma Andrew Boerman M SO EM 0422E
nnrochel Nolan Rochelle M SO EM 0423E
sjconlon Stephen Conlon M FR EM 0423E
dmkazadi David Kazadi M SO EM 0424E
avasu Ajay Vasu M FR EM 0424E
jgbowman Josh Bowman M SO EM 0425E
talevert Tyler Leverton M JR EM 0425E
ldpiegol Logan Piegols M SO EM 0425E
damcleod Davy Mcleod M SO EM 0426E
dmdonova Daniel Donovan M FR EM 0426E
ncurtis Noah Curtis M SO EM 0426E
rkbillin Robert Billings M JR EM 0427E
atherman Austin Hermann M SR EM 0427E
jsommerf Jerry Sommerfeld M SR EM 0427E
jmmoilan Jacob Moilanen M FR EM 0428E
trduffin Tyler Duffin M FR EM 0428E
jpmorris Jim Morrissey M FR EM 0428E
pfdaily Paul Daily M SO EM 0429E
mludkey Matt Ludkey M JR EM 0429E
jdmartel Josh Martell M SR EM 0430E
jhtressl Joe Tressler M FR EM 0431E
wenelson Wes Nelson M SO EM 0431E
ktillman Kevin Tillman M SO EM 0432E
bmgerwig Bryan Gerwig M SO EM 0432E
kjfraley Keith Fraley M SO EM 0433E
alexw Alex Weber M SO EM 0433E
wwwillia Wyatt Williams M FR EM 0434E
nnkatt Noah Katt M FR EM 0434E
rlbaniec Ryan Baniecke M FR EM 0434E
wlpeplin Wade Peplinski M SO EM 0435E
jfvincen Jack Vincent M SR EM 0435E
mjgrossm Micaiah Grossmann M SO EM 0436E
dvanderh Daniel VanDerHarst M SR EM 0436E
ljolari Luke Olari M FR EM 0501E
zddrexle Zach Drexler M SO EM 0501E
kmfloren Kristen Florence F SR EM 0502E
srwelch Sonja Welch F FR EM 0502E
magust Maddie Gust F JR EM 0503E
rjeikenb Rachel Eikenberry F SO EM 0503E
nrbentle Neva Bentley F SO EM 0503E
mcguadag Marcello Guadagno M SO EM 0504E
jmloss Jacob Loss M FR EM 0504E
jmlentne Jennifer Lentner F SR EM 0505E
jrlyng Jennifer Lyng F SR EM 0505E
jaredr Jared Richards M JR EM 0506E
jdbaraja Jess Barajas F FR EM 0507E
cplehrer Colleen Lehrer F JR EM 0507E
mjcasler Max Casler M SO EM 0508E
ajkostrz Aaron Kostrzewa M JR EM 0508E
mlmason Mark Mason M SO EM 0509E
afcowsky Albert Cowsky M SR EM 0509E
lweckert Leopold Eckert M SR EM 0509E
jbailey John Bailey M FR EM 0510E
rchoover Rudy Hoover M JR EM 0510E
zlelkert Zep Elkerton M SO EM 0510E
jwpardy Jacob Pardy M SO EM 0511E
jacobr Jacob Robinson M SO EM 0511E
cjohnsto Chrispin Johnston M JR EM 0511E
acterrel Zander Terrell M FR EM 0512E
sjcalder Steven Calderon M SO EM 0512E
jwaldape Joseph Aldape M SO EM 0512E
rlstites Rachel Stites F SO EM 0513E
mrschorr Marissa Schorr F SO EM 0513E
cpwood Casey Wood M JR EM 0514E
mdelsign Michael DelSignore M JR EM 0514E
monican Monica Nelson F SO EM 0515E
tjgarbe Taylor Garbe F JR EM 0515E
ecprior Erin Prior F SR EM 0516E
amseraph Angie Seraphinoff F FR EM 0517E
kjfurman Kayla Furmanski F SO EM 0517E
kebristo Kate Bristol F SO EM 0517E
dkhildeb Dalton Hildebrandt M FR EM 0518E
mjpogoda Michael Pogoda M FR EM 0518E
jcbatson Jake Batson M FR EM 0518E
ksminett Kyle Minett M SO EM 0519E
pjrussch Parker Russcher M FR EM 0519E
adhamilt Alex Hamilton M FR EM 0519E
btferus Brian Ferus M JR EM 0301E
rmstraub Rory Straubel M SR EM 0301E
ldgaines Leighton Gaines M SO EM 0302E
mcschlax Mark Schlax M SO EM 0302E
bjdenys Ben Denys M JR EM 0303E
jvwright Joachim Wright M SO EM 0303E
jjwitmer Jamie Witmer M SO EM 0303E
ajeschen Alex Eschenauer M FR EM 0304E
bekluske Bernard Kluskens M FR EM 0304E
sjlauing Steve Lauinger M FR EM 0304E
mfcufar Marco Cufar M SR EM 0305E
mlstehul Mitchell Stehula M SR EM 0306E
barker Jeremy Barker M SO EM 0307E
echauck Evan Hauck M JR EM 0307E
rdmulfor Riley Mulford M FR EM 0308E
justinwi Justin Williams M SO EM 0308E
jbhooker Joshua Hooker M JR EM 0309E
iglazko Ian Glazko M SR EM 0309E
djsaltzm Daniel Saltzmann M SO EM 0309E
ammerdzi Andy Merdzinski M JR EM 0310E
apbutter Andrew Buttera M FR EM 0310E
ddwilso1 Deitrick Wilson M FR EM 0310E
jrmcneil Jake Mcneilly M FR EM 0311E
nabowlan Nathan Bowland M FR EM 0311E
srbertol Steven Bertolucci M JR EM 0311E
ctgauthi Collin Gauthier M JR EM 0312E
adpowell Tony Powell M SO EM 0312E
nrgolden Nick Golden M JR EM 0312E
awhitchi Alec Hitchiner M SO EM 0313E
dgburket Drew Burkett M FR EM 0314E
tkpatel Tanay Patel M SR EM 0315E
mtomasze Michael Tomaszewski M JR EM 0316E
rtdrife Ryan Drife M SR EM 0316E
maversel Marco Versellie M SR EM 0317E
blwheato Brandon Wheaton M SO EM 0317E
jjrule Josh Rule M SO EM 0317E
mjvanden Matt Vandenberg M JR EM 0318E
gmbuhl Grant Buhl M SO EM 0318E
nrthoma1 Nick Thomas M SO EM 0318E
ateckman Austin Eckman M FR EM 0319E
ddvanhor Derek VanHorn M FR EM 0319E
jmhansen Joseph Hansen M FR EM 0319E
jiemingg Jieming Gao M FR EM 0320E
jdvantho Jacob Vanthof M FR EM 0320E
brhood Bryan Hood M FR EM 0320E
zahill Zach Hill M JR EM 0113E
clhorgeh Chris Horger-hill M SO EM 0113E
bpmetzge Ben Metzger M FR EM 0115E
mjloehrk Mike Loehrke M SO EM 0115E
jjmeierh Josh Meierhofer M JR EM 0116E
ijstampf Ian Stampfly M JR EM 0116E
beanneli Brett Annelin M FR EM 0117E
clhamlin Connor Hamlin M FR EM 0117E
rlsamuel Ross Samuelson M JR EM 0118E
dpbigler Dale Bigler M SR EM 0118E
jsroznic Jimmy Roznick M JR EM 0119E
kdsweene Kyle Sweeney M SO EM 0119E
mbsincla Michael Sinclair M FR EM 0119E
tingram Timothy Ingram M SO EM 0120E
mccavend Matt Cavender M SO EM 0120E
jfonseca Júlio SoaresFonseca M SU EM 0120E
kpbray Kyle Bray M SO EM 0121E
zabauman Zach Bauman M JR EM 0121E
tnminerv Tom Minervino M SO EM 0122E
atdene Aaron Dene M SO EM 0122E
hales Hale Schultz M SO EM 0123E
etronnei Evan Ronnei M JR EM 0123E
btmannin Ben Manning M SR EM 0124E
brcarr Brad Carr M SO EM 0125E
zwboardm Zachary Boardman M JR EM 0125E
dlclawso David Clawson M FR EM 0125E
jhnoorma Jacob Noorman M SO EM 0126E
kjpaddoc Kyle Paddock M SO EM 0126E
cjsherre Chance Sherretz-hayes M JR EM 0126E
cjrozeve Cory Rozeveld M SO EM 0127E
crredner Colin Redner M FR EM 0127E
agsimpso Andrew Simpson M FR EM 0127E
mzsigh Miles Sigh M FR EM 0128E
bmheath Bryan Heath M FR EM 0128E
krmonroe Kyle Monroe M FR EM 0128E
inawaz Ibtisam Nawaz M FR EM 0129E
jdroland James Roland M FR EM 0129E
bahodges Brett Hodges M FR EM 0130E
bdschaed Benjamin Schaedig M JR EM 0130E
rabrinks Randy Brinks M JR EM 0131E
yiranxia Yiran Xia M SU EM 0131E
xiluns Xilun Song M FR EM 0132E
bwlanore Braden Lanore M JR EM 0132E
grogers Gunnar Rogers M SO EM 0133E
ghbrinkm Gordon Brinkman M SO EM 0133E
jrswanbe Jack Swanberg M JR EM 0133E
jfashley Jacob Ashley M SO EM 0134E
askaraya Alex Karayanes M SO EM 0134E
theodors Ted Smith M SO EM 0135E
edaley Eamonn Daley M JR EM 0135E
achubble Alexander Hubble M SO EM 0136E
bjjohnso Brandon Johnson M JR EM 0136E
erfifels Emily Fifelski F SO EM G013E
njmcgrat Natalie Mcgrath F SO EM G013E
aeraetz Abi Raetz F FR EM G015E
alvaughn Ayla Vaughn F SO EM G015E
abcharbo Amanda Charboneau F SO EM G021E
klwheele Kat Wheeler F SO EM G023E
megreen Morgan Green F SO EM G023E
mlswayer Mandy Swayer F SO EM G025E
hnsteven Hannah Stevens F SO EM G027E
ahschroe Alexis Schroeder F SO EM G027E
lcflanne Liesl Flannery F SO EM G027E
reviller Rebecca Villerot F SR EM G029E
cecedarq Chelsea Cedarquist F SO EM G031E
abgreen Allison Green F SO EM 0520E
oebradfo Olivia Bradford F SO EM 0520E
eaadams1 Liz Adams F FR EM 0520E
cjhardin Cara Hardin F FR EM 0521E
rlkettle Rebekah Kettler F FR EM 0521E
kakeen Kathryn Keen F FR EM 0522E
atdorn Allison Dorn F FR EM 0522E
kavanlaa Karsyn Vanlaanen F SO EM 0523E
karusse1 Katherine Russell F FR EM 0523E
agwelch Abbie Welch F SO EM 0524E
megalbra Mary Galbraith F SO EM 0525E
hpgetsch Hannah Getschman F FR EM 0525E
eereilly Emma Reilly F FR EM 0525E
carleyd Carley Davis F FR EM 0526E
sfsteinb Sophie Steinbrueck F FR EM 0526E
bagreeni Brook Greening F FR EM 0526E
arshaw Aubrey Shaw F SO EM 0527E
lasandy Lauren Sandy F FR EM 0527E
hsmikoli Hailey Mikolitis F FR EM 0528E
amxydis Angela Xydis F FR EM 0528E
fcfusco Francesca Fusco F SO EM 0528E
tlgabrie Theo Gabriel F SO EM 0529E
laludwig Laura Ludwig F SO EM 0529E
rkkloc Rachel Kloc F JR EM 0530E
klkent Kayla Kent F FR EM 0531E
asmcclea Allie Mccleary F FR EM 0531E
rjduffy Rachel Duffy F FR EM 0532E
slspohn Samantha Spohn F FR EM 0532E
msdonova Megan Donovan F FR EM 0533E
mereed1 Maddy Reed F SO EM 0533E
hmweiss Hailea Weiss F FR EM 0534E
krhooper Kalli Hooper F SO EM 0534E
taodette Taren Odette F FR EM 0534E
trnuiver Trudy Nuiver F FR EM 0535E
kmwendt Katherine Wendt F FR EM 0535E
zewahr Zoe Wahr F FR EM 0536E
agstrutz Amber Strutz F FR EM 0536E
